{"duration": 81.06841778755188, "input_args": {"data_arr": "array([ 0.32,  0.37,  0.48, ..., -0.31, -0.24, -0.25])"}, "time": 1743786073.0108132}