{"duration": 170.48849534988403, "input_args": {"data_arr": "array([ 0.32,  0.37,  0.48, ..., -0.24, -0.25, -0.25])"}, "time": 1743125841.857139}