{"duration": 23.225669145584106, "input_args": {"data_arr": "array([-0.065, -0.055, -0.055, ..., -0.075, -0.085, -0.095])"}, "time": 1743292321.0742855}