{"duration": 0.5323202610015869, "input_args": {"data_arr": "array([-0.065, -0.055, -0.055, ..., -0.075, -0.085, -0.095])"}, "time": 1743390131.896098}